<?xml version="1.0" encoding="UTF-8" standalone="yes"?>
	<addon
        id="plugin.audio.ukexpatradio" 
        name="UK Expat Radio" 
        version="1.0.0" 
        provider-name="coldkeys">
		<requires>
			<import addon="xbmc.python"             	version="2.1.0"/>
			<import addon="xbmc.addon"              	version="12.1.0"/>
		</requires>
		<extension point="xbmc.python.pluginsource" library="default.py">
			<provides>audio</provides>
		</extension>
		<extension point="xbmc.addon.metadata">
			<summary lang="en">UK Expat Radio</summary>
			<description lang="en">Tune in to the best UK radio stations on the net.</description>
			<disclaimer lang="en">I do not own or publish the content delivered by the plugin. Email coldkeys@outlook.com if any stations fail or you would like a personal Radio addon. Only tested in Turkey :-)
			In order to appreciate the backgrounds it is best to have no visualization or use Waveform.</disclaimer>
			<platform>all</platform>
			<license>GNU GENERAL PUBLIC LICENSE. Version 3, June 2007</license>
			<language>en</language>
			<forum></forum>
			<website>http://www.mygoldmusic.co.uk/</website>
			<email></email>
			<source>http://www.mygoldmusic.co.uk/</source>
		</extension>
	</addon>