<?xml version="1.0" encoding="UTF-8" standalone="yes"?>
<addon id="plugin.video.talesfromthecrypt"
	name="Tales from the Crypt"
	version="1.0.0"
	provider-name="coldkeys">
  <requires>
    <import addon="xbmc.python" version="2.1.0"/>
    <import addon="script.module.addon.common" version="2.0.0"/>
    <import addon="plugin.video.youtube" version="5.0.0"/>
  </requires>
  <extension point="xbmc.python.pluginsource" library="default.py">
    <provides>video</provides>
  </extension>
  <extension point="xbmc.addon.metadata">
    <summary lang="en">Tales from the Crypt</summary>
    <description lang="en">All 93 Episodes of the cult classic series Tales from the Crypt, plus 3 Movies, Soundtracks and Extras, complete Tales From The Cryptkeeper cartoon. Bonus channel 92 episodes subtitled in Spanish.</description>
    <platform>all</platform>
    <forum>n/a</forum>
    <website>n/a</website>
  </extension>
</addon>
