<?xml version="1.0" encoding="UTF-8" standalone="yes"?>
<addon id="plugin.video.boyztoyzclub"
       name="Boyz Toyz Club"
       version="1.0.0"
       provider-name="Boyz Toyz Club">
    <requires>
        <import addon="xbmc.python" version="2.1.0"/>
    </requires>
    <extension point="xbmc.python.pluginsource"
               library="default.py">
        <provides>video</provides>
    </extension>
    <extension point="xbmc.addon.metadata">
    <summary lang="en">Premium sports streaming service</summary>
    <description lang="en">This is a premium streaming service. You will need an account from http://www.boyztoyz.club/</description>
    <disclaimer lang="en">For support please go to http://www.boyztoyz.club/</disclaimer>
    <platform>all</platform>
  </extension>
</addon>
