<?xml version="1.0" encoding="UTF-8" standalone="yes"?>
<addon id="plugin.video.TalentLottery" name="Talent Lottery" version="1.0.1" provider-name="The Knife (Always sharp content)">
  <requires>
    <import addon="xbmc.python" version="2.1.0"/>
    <import addon="script.module.addon.common" version="2.0.0"/>
    <import addon="plugin.video.youtube" version="5.2.1"/>
  </requires>
  <extension point="xbmc.python.pluginsource" library="default.py">
    <provides>video audio</provides>
  </extension>
  <extension point="xbmc.addon.metadata">
    <summary lang="en">Talent Lottery</summary>
    <description lang="en">
Welcome to The Talent Lottery add-on! The only one of its kind where any aspiring [COLOR = yellow](fill in the blank)[/COLOR] can advertise their talent here for free, and possibly win their very own add-on! More importantly, this add-on will give the artist the opportunity to win the greatest prize of all, being discovered by professionals in the field they are pursuing! Talent Agents take notice!

The initial launch of Talent Lottery v1.0.0 and v1.0.1 has the following randomly chosen artists... an aspiring singer/songwriter, a filmmaker, makeup artist, voice actor, animator and dancers. All future artists will be chosen by you the viewer!

Nominate your friend, relative, co-worker or even a stranger that you think deserves to be seen by a NEW audience! 

Send your nomination to:
* [COLOR = blue]the.knife.repo@yandex.com[/COLOR],
* subject “NOMINATE” in CAPS,
* copy/paste the Youtube channel, playlist or Youtube user ID. 

[COLOR = red]YouTubers please advertise this add-on. It can only be a success with your help. If the response is great then updates will occur on the 1st of each month.  If not, updates will be released quarterly on the following dates...[/COLOR]

- January 1st
- April 1st
- July 1st
- Oct 1st

[COLOR = red]At this time a Knife Repository ZIP file does not exist. You will need to visit[COLOR = blue] http://thekniferepo.wixsite.com/kodi [/COLOR]to manually install the updated Talent Lottery add-on. Please confirm that the version number has been updated on the website before installation.[/COLOR]

For more great addons visit http://thekniferepo.wixsite.com/kodi
[COLOR = red]-----------------------------------------------------------[/COLOR]
[COLOR = lime]-----------------------------------------------------------[/COLOR]


[COLOR = black]-----------------------------------------------------------[/COLOR]


</description>
	
	<disclaimer>The author does not host or distribute any of the content displayed by this add-on or have any affiliation with the content owners. Content is viewed via this YouTube plugin. This add-on is for educational and entertainment purposes only.</disclaimer>
    <platform>all</platform>
  </extension>
</addon>
