<?xml version="1.0" encoding="UTF-8" standalone="yes"?>
  
    
<channels>

<channel>
      <name>[COLOR lime]SoloMan IPTV Links[/COLOR]</name>
  <thumbnail>https://yt3.ggpht.com/-YUHW44PfRLU/AAAAAAAAAAI/AAAAAAAAAAA/TMK9xizbGJU/s100-c-k-no/photo.jpg</thumbnail>
<fanart>https://yt3.ggpht.com/-YUHW44PfRLU/AAAAAAAAAAI/AAAAAAAAAAA/TMK9xizbGJU/s100-c-k-no/photo.jpg</fanart>
<link>http://ignoreme</link>
   <externallink>http://bit.ly/solomanchannel</externallink>
</channel>
  </channels>

  
<channels>

<channel>
      <name>[COLOR lime]SoloMan Latino IPTV[/COLOR]</name>
  <thumbnail>https://yt3.ggpht.com/-YUHW44PfRLU/AAAAAAAAAAI/AAAAAAAAAAA/TMK9xizbGJU/s100-c-k-no/photo.jpg</thumbnail>
<fanart>https://yt3.ggpht.com/-YUHW44PfRLU/AAAAAAAAAAI/AAAAAAAAAAA/TMK9xizbGJU/s100-c-k-no/photo.jpg</fanart>
<link>http://ignoreme</link>
   <externallink>https://bit.ly/solomanlatino</externallink>
</channel>
  </channels>

  
  