<?xml version="1.0" encoding="UTF-8" standalone="yes"?>
<addon id="plugin.video.husham-alheydari"
	name="Alheydari"
	version="1.0.1"
	provider-name="Husham.com">
  <requires>
    <import addon="xbmc.python" version="2.1.0"/>
    <import addon="script.module.addon.common" version="2.0.0"/>
    <import addon="plugin.video.youtube" version="5.0.0"/>
  </requires>
  <extension point="xbmc.python.pluginsource" library="default.py">
    <provides>video</provides>
  </extension>
  <extension point="xbmc.addon.metadata">
    <summary lang="en">Kamal Al-Haidari السيد كمال الحيدري</summary>
   	<description lang="en">السيد كمال الحيدري</description>
	<description lang="en">أخذ سماحة السيد الحيدري على عاتقه أن يدافع عن الإسلام المحمدي الأصيل ما أمكنه الله تعالى وألّا يدع فرصة للأعداء والمغرضين من النيل منه.</description>
    <platform>all</platform>
    <forum>n/a</forum>
    <website>n/a</website>
  </extension>
</addon>
