<?xml version="1.0" encoding="UTF-8"?>
<addon
  id="plugin.video.hushamyoutube"
  version="1.0.1"
  name="Husham"
  provider-name="Husham.com">
  <requires>
    <import addon="xbmc.python" version="2.1.0"/>
  	<import addon="script.module.buggalo" version="1.1.2"/>
    <import addon="plugin.video.youtube" version="3.0.0"/>
  </requires>
  <extension point="xbmc.python.pluginsource" library="default.py">
    <provides>video</provides>
  </extension>
  <extension point="xbmc.addon.metadata">
    <summary>Addon made by Husham Memar</summary>
    <description>The Husham Memar Video Guides: Addon made by Husham Memar http://www.husham.com</description>
   
    <platform>all</platform>
  </extension>
</addon>