<?xml version="1.0" encoding="UTF-8" standalone="yes"?>
<addon id="plugin.video.talkshow" name="Talk Show" version="1.1" provider-name="The Knife">
  <requires>
    <import addon="xbmc.python" version="2.1.0"/>
    <import addon="script.module.addon.common" version="2.0.0"/>
    <import addon="plugin.video.youtube" version="5.2.1"/>
  </requires>
  <extension point="xbmc.python.pluginsource" library="default.py">
    <provides>video</provides>
  </extension>
  <extension point="xbmc.addon.metadata">
    <summary lang="en">Talk Show</summary>
    <description lang="en">Your favorite talk show clips.</description>
    <platform>all</platform>
  </extension>
</addon>
