<?xml version="1.0" encoding="UTF-8"?>
<addon
  id="skin.confluence.hwy2015"
  version="2.5.9.008"
  name="Confluence - hwy2015 fixed by husham - Original Mod by TheHighway"
  provider-name="The[COLOR tan]Highway[/COLOR], Jezz_X, Team Kodi, Husham.com">
  <requires>
    <import addon="xbmc.gui" version="5.10.0"/>
  </requires>
  <extension
    point="xbmc.gui.skin"
    defaultthemename="textures.xbt"
    debugging="false"
    effectslowdown="0.75">
    <res width="1280" height="720" aspect="16:9" default="true" folder="720p" />
  </extension>
  <extension point="xbmc.addon.metadata">
    <summary>Ported from Confluence v2.5.9 used on Helix 14.0 stable.  It is meant for use with Helix (at least 14.0 stable) and will not work on Gotham, Frodo or earlier versions. v.2.5.9 updated by husham.com to allow KODI v16 install and to fix dependicies issue</summary>
    <description>25 shortcuts for videos, 10 for the rest.  Debug graph included.  This skin may be a work in progress, but aims to bring useful customizations while holding onto the main feel of it's pretacessor, Confluence.</description>
  	<disclaimer>By using this, you take reponsibility for anything that happens.</disclaimer>
    <platform>all</platform>
    <forum>http://forums.tvaddons.ag/forums/143-THEHIGHWAY-S-XBMC-ADDONS</forum>
    <website>http://www.tvaddons.ag/</website>
  </extension>
</addon>
