<?xml version="1.0" encoding="UTF-8"?>
<addon
  id="plugin.video.aaastream"
  version="2.0.1"
  name=".[COLOR blue]AAA Live Guides[/COLOR]"
  provider-name="Husham.com">
  <requires>
    <import addon="xbmc.python" version="2.1.0"/>
  	<import addon="script.module.buggalo" version="1.1.2"/>
    <import addon="plugin.video.youtube" version="3.0.0"/>
  </requires>
  <extension point="xbmc.python.pluginsource" library="default.py">
    <provides>video</provides>
  </extension>
  <extension point="xbmc.addon.metadata">
    <summary>Addon made by Husham Memar</summary>
    <description>Please enjoy and visit the husham.com website. This addon is meant to be a testament
	To the people that provide guides all the time to everyone one that needs it :)
	This addon is meant for the shadow crew commitment and inspiration to the ongoing guides for all the 
	Community and you can be assured that future guides will come to our channel showing nothing how to make
	Kodi a better program for all of us newbies :)
		</description>
   
    <platform>all</platform>
  </extension>
</addon>