<?xml version="1.0" encoding="UTF-8" standalone="yes"?>
<addon id="plugin.video.hushamaddonwizard" name="Husham Addon Wizard" version="1.0.8" provider-name="Husham.com">
  <requires>
    <import addon="xbmc.python" version="2.1.0"/>
  </requires>
  <extension point="xbmc.python.pluginsource" library="default.py">
        <provides>video executable</provides>
  </extension>
  <extension point="xbmc.addon.metadata">
    <summary lang="en">Husham Addon Wizard</summary>
    <description lang="en">Easy Install With KODI / XBMC Wizard </description>
	<description lang="en">HUSHAM.COM repo One of the oldest standing repo</description>
    <description lang="en">Helping to stand together</description>
    <platform>all</platform>
  </extension>
</addon>
