<?xml version="1.0" encoding="UTF-8" standalone="yes"?>
<addon id="plugin.video.husham-ahalmuhajir"
	name="Ahalmuhajir"
	version="1.0.1"
	provider-name="Husham.com">
  <requires>
    <import addon="xbmc.python" version="2.1.0"/>
    <import addon="script.module.addon.common" version="2.0.0"/>
    <import addon="plugin.video.youtube" version="5.0.0"/>
  </requires>
  <extension point="xbmc.python.pluginsource" library="default.py">
    <provides>video</provides>
  </extension>
  <extension point="xbmc.addon.metadata">
    <summary lang="en">Ahalmuhajir Vidoes الشيخ عبدالحميد المهاجر</summary>
   	<description lang="en">الشيخ عبدالحميد المهاجر</description>
	<description lang="en">Ahalmuhajir هذه القناة تعني بتحميل خطب الشيخ العلامة عبدالحميد المهاجر لنشر الثقافة الجعفرية لكل العالم</description>
    <platform>all</platform>
    <forum>n/a</forum>
    <website>n/a</website>
  </extension>
</addon>
