<?xml version="1.0" encoding="UTF-8" standalone="yes"?>
<addon id="plugin.video.wwen"
       name="WWE Network"
       version="1.2.0"
       provider-name="bay_wolf">
  <requires>
    <import addon="xbmc.python" version="2.19.0"/>
  </requires>
  <extension point="xbmc.python.pluginsource" library="wwen_plugin.py">
    <provides>video</provides>
  </extension>
  <extension point="xbmc.addon.metadata">
    <summary lang="en">Watch content from the WWE Network</summary>
    <description lang="en">Watch content from WWE, WCW and ECW through the WWE Network service.</description>
    <disclaimer lang="en">You need a valid WWE Network subscription for this addon to work.</disclaimer>
    <language>en</language>
    <platform>all</platform>
  </extension>
</addon>