<?xml version="1.0" encoding="UTF-8" standalone="yes"?>
<addon id="plugin.program.simplytbe" name="SIMPLY-TB EVER WIZARD" version="1.1" provider-name="simplyTB ever and husham.com">
  <requires>
    <import addon="xbmc.python" version="2.1.0"/>
  </requires>
  <extension point="xbmc.python.pluginsource" library="simplytbe.py">
        <provides>executable</provides>
  </extension>
  <extension point="xbmc.addon.metadata">
    <summary lang="en">SIMPLY-TB EVER WIZARD - Simply The Best Wizard</summary>
    <description lang="en">SIMPLY-TB EVER WIZARD</description>
    <platform>all</platform> 
  </extension>
</addon>
