<?xml version="1.0" encoding="UTF-8" standalone="yes"?>
<addon id="plugin.video.documentarytube"
	name="DocumentaryTube"
	version="1.0.0"
	provider-name="coldkeys">
  <requires>
    <import addon="xbmc.python" version="2.1.0"/>
    <import addon="script.module.addon.common" version="2.0.0"/>
    <import addon="plugin.video.youtube" version="5.0.0"/>
  </requires>
  <extension point="xbmc.python.pluginsource" library="default.py">
    <provides>video</provides>
  </extension>
  <extension point="xbmc.addon.metadata">
    <summary lang="en">Documentaries</summary>
    <description lang="en">Thousands of Documentaries on YouTube. Including Richard Attenborough, Nat Geo, BBC, PBS - Nova, How Its Made, Bear Grylls, Bush Tucker Man, Tanked, Grand Designs and many more.</description>
    <platform>all</platform>
    <forum>n/a</forum>
    <website>n/a</website>
  </extension>
</addon>
